Company,Contact,Country,Price,Item

Modern Maven,+63473912137,Costa Rica,10499₽,injury
Crisp Creations,+4274930378,Marshall Islands,83386₽,dad
Sleek Styles,+77268543536,Mauritius,41512₽,addition
Beauty Bar,+9790339995,Nauru,22396₽,payment
Urban Upmarket,+29654707176,Georgia,81061₽,awareness
Elite Elegance,+73494735367,Mozambique,50151₽,basket
Trendsetting Tailors,+16609375684,Luxembourg,24434₽,distribution
Fashion Forward,+71281402074,Cameroon,99370₽,maintenance
Skin Studio,+30743371065,New Zealand,98336₽,dealer
Dapper Designs,+10829217969,Vanuatu,14552₽,nature
Trendsetting Tailors,+8568720258,Liechtenstein,22722₽,addition
Stellar Stitches,+34368056117,Papua New Guinea,97097₽,mixture
Classy Collections,+0620550138,Senegal,46317₽,oven
Chic Couture,+30472981676,Botswana,77154₽,buyer
Chic Couture,+18724170130,Czech Republic,82209₽,development
Brow Boosters,+2881819225,Kosovo,47868₽,oven
Body Bliss,+91556075260,Comoros,60672₽,newspaper
Nail Nook,+78341709279,Swaziland,30449₽,proposal
Classy Collections,+33678555078,Marshall Islands,25213₽,pie
Haute Hues,+50100316931,Brunei,54038₽,maintenance
Sleek Styles,+22816988588,Russia,54884₽,homework
Urban Upmarket,+17751224114,Senegal,20207₽,refrigerator
Nail Nook,+21263719286,Myanmar (Burma),63034₽,signature
Clipper Cuts,+70588144606,Equatorial Guinea,10301₽,sample
Fashion Fusion,+8911378923,Romania,49310₽,entry
Sophisticated Sewing,+47243697914,"Micronesia, Federated States of",59977₽,signature
Chic Boutique,+85299183715,Moldova,27291₽,contribution
Modern Maven,+35189491694,Hungary,42659₽,signature
Trendy Threads,+3177033791,The Gambia,90360₽,republic
Beauty Bar,+7623180587,Cameroon,87830₽,cookie
Classy Collections,+21374516938,Spain,32006₽,preparation
Urban Upmarket,+7118827778,Armenia,78938₽,mixture
Smart Styles,+52139096418,Spain,78908₽,computer
Sophisticated Sewing,+99617719446,Bangladesh,23037₽,emphasis
Clipper Cuts,+9743945588,Guatemala,66365₽,analyst
Salon Suites,+80767229900,Venezuela,97466₽,context
Sophisticated Sewing,+92844272940,Russia,82536₽,distribution
Beauty Bar,+43726796517,Andorra,67818₽,breath
Chic Couture,+95761935334,Turkmenistan,82720₽,advertising
Sleek Styles,+62608601315,Ghana,86713₽,republic
Glow Getter,+98848663107,Benin,53690₽,pie
Sleek Styles,+276811405,Suriname,71013₽,departure
Stylish Silhouettes,+66772088264,United States of America,93671₽,contribution
Salon Suites,+441635029,Malta,45839₽,woman
Modish Mannequins,+20906594896,Sri Lanka,12537₽,marriage
Modish Mannequins,+30362997748,Antigua and Barbuda,58486₽,secretary
Elegant Ensembles,+9816173932,Albania,40917₽,elevator
Fine Fabrics,+45602525692,Monaco,14459₽,fishing
Beauty Bar,+29668042815,The Bahamas,42108₽,steak
Fashion Forward,+63303537928,Cambodia,79969₽,county
Posh Patterns,+38702063613,Belarus,49247₽,passenger
Refined Rags,+63266587529,Syria,34287₽,love
Trendy Threads,+70543661240,Nepal,64878₽,hair
Sleek Styles,+1927994119,The Gambia,63186₽,mixture
Elegant Ensembles,+7772332889,Sierra Leone,12099₽,series
Glow Getter,+24832422907,Malta,12028₽,dealer
